sigma,S,pinn_price,analytical_price,abs_error,rel_error,region
0.1,1e-08,-2.0736591815948486,0.0,2.0736591815948486,nan,in_domain
0.1,3.7800000099499997,-2.1635589599609375,1.0354606439159545e-121,2.1635589599609375,nan,in_domain
0.1,7.5600000098999995,-2.244394063949585,6.821140772383503e-77,2.244394063949585,nan,in_domain
0.1,11.34000000985,-2.3137292861938477,1.742135464699121e-55,2.3137292861938477,nan,in_domain
0.1,15.1200000098,-2.3690037727355957,1.9123190637388946e-42,2.3690037727355957,nan,in_domain
0.1,18.90000000975,-2.4073922634124756,1.4847360970780113e-33,2.4073922634124756,nan,in_domain
0.1,22.6800000097,-2.4257898330688477,4.397712673125199e-27,2.4257898330688477,nan,in_domain
0.1,26.46000000965,-2.420872449874878,3.6378886122411855e-22,2.420872449874878,nan,in_domain
0.1,30.2400000096,-2.3890504837036133,2.5814579995173436e-18,2.3890504837036133,nan,in_domain
0.1,34.020000009549996,-2.326458692550659,3.126130863031486e-15,2.3264586925506623,nan,in_domain
0.1,37.800000009499996,-2.228851795196533,1.0116494201375251e-12,2.228851795197545,2203185956350.918,in_domain
0.1,41.580000009449996,-2.0917749404907227,1.1886636089816795e-10,2.091774940609589,17597703208.913742,in_domain
0.1,45.3600000094,-1.9103988409042358,6.303523190022119e-09,1.910398847207759,303068425.3262905,in_domain
0.1,49.14000000935,-1.679557204246521,1.7691403866448744e-07,1.6795573811605597,9493635.405304344,in_domain
0.1,52.9200000093,-1.3937556743621826,2.9616190179199858e-06,1.3937586359812006,470606.9982492447,in_domain
0.1,56.70000000925,-1.0471030473709106,3.2414640297450835e-05,1.047135462011208,32304.398642164088,in_domain
0.1,60.4800000092,-0.633380651473999,0.0002492119988515345,0.6336298634728506,2542.533531261988,in_domain
0.1,64.26000000914999,-0.14604833722114563,0.0014249374385819635,0.1474732746597276,103.49456100085816,in_domain
0.1,68.04000000909998,0.4218766391277313,0.006344807105812533,0.4155318320219188,65.49164144663223,in_domain
0.1,71.82000000904999,1.0777244567871094,0.022844723992929084,1.0548797327941803,46.17607694103407,in_domain
0.1,75.60000000899998,1.8290481567382812,0.06861612483203516,1.760432031906246,25.656243867102564,in_domain
0.1,79.38000000894999,2.6838631629943848,0.17646367650312422,2.5073994864912605,14.209153612680556,in_domain
0.1,83.16000000889998,3.6503124237060547,0.39722166163204164,3.253090762074013,8.189610679106037,in_domain
0.1,86.94000000884999,4.736788749694824,0.7974545549216003,3.939334194773224,4.939885502516829,in_domain
0.1,90.72000000879999,5.951710224151611,1.4510095486472672,4.500700675504344,3.1017719212807475,in_domain
0.1,94.50000000874999,7.303556442260742,2.4264461740527636,4.8771102682079785,2.0099808190107105,in_domain
0.1,98.28000000869999,8.800593376159668,3.7744523124021256,5.026141063757542,1.331621291714988,in_domain
0.1,102.06000000865,10.450725555419922,5.519333912200125,4.931391643219797,0.8934758653248501,in_domain
0.1,105.84000000859999,12.261295318603516,7.656776257501598,4.604519061101918,0.6013652360013417,in_domain
0.1,109.62000000855,14.23878288269043,10.15758596870802,4.08119691398241,0.4017880750953184,in_domain
0.1,113.40000000849999,16.38853645324707,12.975305814670705,3.4132306385763655,0.26305589150100417,in_domain
0.1,117.18000000845,18.71452522277832,16.055016895815243,2.6595083269630777,0.16564967475408146,in_domain
0.1,120.96000000839999,21.21891975402832,19.341124344464163,1.8777954095641576,0.09708822383439265,in_domain
0.1,124.74000000834998,23.901906967163086,22.78290839789024,1.118998569272847,0.049115703303993855,in_domain
0.1,128.5200000083,26.761363983154297,26.33758482961065,0.4237791535436486,0.0160902814850056,in_domain
0.1,132.30000000825,29.79269790649414,29.971264037398385,0.1785661309042439,0.005957911240627944,in_domain
0.1,136.0800000082,32.98879623413086,33.65847370269934,0.6696774685684801,0.019896251817109977,in_domain
0.1,139.86000000815,36.340049743652344,37.3809070207713,1.0408572771189597,0.02784462336723372,in_domain
0.1,143.6400000081,39.83462142944336,41.125908940234126,1.2912875107907666,0.03139839444441992,in_domain
0.1,147.42000000805,43.458560943603516,44.885025102609305,1.4264641590057892,0.031780402389100244,in_domain
0.1,151.200000008,47.19648742675781,48.65277575355549,1.4562883267976758,0.029932276303706103,in_domain
0.1,154.98000000795,51.03205108642578,52.425703598921956,1.3936525124961747,0.026583382135568188,in_domain
0.1,158.7600000079,54.94841384887695,56.201679363444356,1.2532655145674028,0.022299431774321192,in_domain
0.1,162.54000000785,58.92911911010742,59.97941980104895,1.0503006909415262,0.017511017852879566,in_domain
0.1,166.3200000078,62.958251953125,63.7581665071158,0.7999145539908028,0.012546072100450495,in_domain
0.1,170.10000000775,67.02125549316406,67.53747910336399,0.5162236101999298,0.007643513158225313,in_domain
0.1,173.8800000077,71.10496520996094,71.31710592986386,0.21214071990291927,0.0029746120111989274,in_domain
0.1,177.66000000765,75.19808959960938,75.0969052385955,0.10118436101387829,0.0013473838994083518,in_domain
0.1,181.4400000076,79.2911376953125,78.87679823081078,0.41433946450172243,0.005252995478965493,in_domain
0.1,185.22000000755,83.37638854980469,82.6567416204811,0.7196469293235879,0.008706451708777136,in_domain
0.1,189.0000000075,87.44781494140625,86.43671188537834,1.0111030560279062,0.011697611280825974,in_domain
0.1,192.78000000744998,91.50098419189453,90.21669636813914,1.2842878237553919,0.01423558914765305,in_domain
0.1,196.5600000074,95.53275299072266,93.99668831828303,1.5360646724396219,0.016341689265033887,in_domain
0.1,200.34000000735,99.54109191894531,97.77668416463965,1.7644077543056653,0.018045281136090652,in_domain
0.1,204.1200000073,103.52495574951172,101.55668203179289,1.96827371771883,0.019381036071094277,in_domain
0.1,207.90000000725,107.48384094238281,105.33668094139126,2.1471600009915477,0.020383782570349025,in_domain
0.1,211.6800000072,111.41796112060547,109.11668038612117,2.301280734484294,0.021090091142261323,in_domain
0.1,215.46000000715,115.3277587890625,112.8966801043487,2.431078684713796,0.021533659647624596,in_domain
0.1,219.2400000071,119.2140121459961,116.67667996180386,2.5373321841922376,0.02174669509813681,in_domain
0.1,223.02000000705,123.07779693603516,120.4566798898834,2.6211170461517526,0.021759831406177484,in_domain
0.1,226.800000007,126.9201889038086,124.23667985367446,2.683509050134134,0.021599973963363814,in_domain
0.1,230.58000000695,130.74227905273438,128.0166798354723,2.725599217262072,0.02129096943277256,in_domain
0.1,234.3600000069,134.54539489746094,131.7966798263272,2.748715071133745,0.020855723184801143,in_domain
0.1,238.14000000685,138.33070373535156,135.57667982172762,2.7540239136239393,0.020313404320309793,in_domain
0.1,241.9200000068,142.09934997558594,139.35667981940503,2.742670156180907,0.019680937862004068,in_domain
0.1,245.70000000675,145.8526611328125,143.13667981822118,2.7159813145913176,0.018974740213623255,in_domain
0.1,249.48000000669998,149.59181213378906,146.916679817606,2.675132316183067,0.018208499671406867,in_domain
0.1,253.26000000665,153.31800842285156,150.69667981727451,2.621328605577048,0.01739473363816316,in_domain
0.1,257.0400000066,157.03237915039062,154.47667981708443,2.555699333306194,0.016544240440255403,in_domain
0.1,260.82000000655,160.736083984375,158.25667981696472,2.47940416741028,0.015666979556742185,in_domain
0.1,264.6000000065,164.43023681640625,162.03667981688,2.393556999526254,0.014771698619295628,in_domain
0.1,268.38000000645,168.11602783203125,165.81667981681278,2.29934801521847,0.013866807716562003,in_domain
0.1,272.16000000639997,171.7946319580078,169.5966798167542,2.1979521412536087,0.012959877184084333,in_domain
0.1,275.94000000635,175.46705627441406,173.3766798166999,2.0903764577141715,0.012056849052157379,in_domain
0.1,279.7200000063,179.13442993164062,177.15667981664774,1.9777501149928867,0.011163847262433475,in_domain
0.1,283.50000000625,182.79782104492188,180.93667981659672,1.8611412283251525,0.010286146679665315,in_domain
0.1,287.2800000062,186.458251953125,184.71667981654622,1.7415721365787817,0.009428342574739037,in_domain
0.1,291.06000000615,190.11672973632812,188.49667981649594,1.6200499198321836,0.00859458066534288,in_domain
0.1,294.8400000061,193.77430725097656,192.27667981644584,1.4976274345307274,0.007788918739185718,in_domain
0.1,298.62000000605,197.43186950683594,196.05667981639579,1.375189690440152,0.007014245532098152,in_domain
0.1,302.40000000599997,201.0904083251953,199.83667981634568,1.2537285088496333,0.006273765707085593,in_domain
0.1,306.18000000595,204.75071716308594,203.6166798162957,1.134037346790251,0.0055694717535586325,in_domain
0.1,309.9600000059,208.41366577148438,207.3966798162457,1.016985955238681,0.004903578765772599,in_domain
0.1,313.74000000585,212.0800323486328,211.1766798161957,0.9033525324371112,0.004277709703663173,in_domain
0.1,317.5200000058,215.75054931640625,214.9566798161457,0.7938695002605414,0.0036931604123190995,in_domain
0.1,321.30000000575,219.4259796142578,218.73667981609572,0.6892997981620965,0.0031512766799863187,in_domain
0.1,325.0800000057,223.1068115234375,222.51667981604567,0.5901317073918335,0.0026520785222918786,in_domain
0.1,328.86000000564997,226.79373168945312,226.29667981599567,0.49705187345745117,0.0021964611847668713,in_domain
0.1,332.6400000056,230.48724365234375,230.07667981594568,0.4105638363980688,0.0017844652344883773,in_domain
0.1,336.42000000555,234.18775939941406,233.8566798158957,0.33107958351837397,0.001415737124887847,in_domain
0.1,340.2000000055,237.89576721191406,237.6366798158457,0.2590873960683666,0.0010902668572425097,in_domain
0.1,343.98000000545,241.61146545410156,241.4166798157957,0.19478563830585927,0.0008068441602895187,in_domain
0.1,347.7600000054,245.3352508544922,245.1966798157457,0.13857103874647692,0.000565142394467196,in_domain
0.1,351.54000000535,249.0674285888672,248.97667981569572,0.09074877317146957,0.00036448704046758955,in_domain
0.1,355.3200000053,252.80804443359375,252.75667981564573,0.051364617948024716,0.00020321764784016295,in_domain
0.1,359.10000000524997,256.5572814941406,256.5366798155957,0.02060167854494921,8.030695088031138e-05,in_domain
0.1,362.8800000052,260.31524658203125,260.3166798155457,0.001433233514433141,5.505730617986895e-06,in_domain
0.1,366.66000000515,264.0818786621094,264.0966798154957,0.014801153386315491,5.604445083011242e-05,in_domain
0.1,370.4400000051,267.857177734375,267.8766798154457,0.01950208107069784,7.280245926645741e-05,in_domain
0.1,374.22000000505,271.6410827636719,271.6566798153957,0.015597051723830191,5.7414570974029304e-05,in_domain
0.1,378.000000005,275.43341064453125,275.4366798153457,0.003269170814462541,1.1869046695793063e-05,in_domain
0.1,381.78000000495,279.2341003417969,279.2166798152957,0.01742052650115511,6.239070858044347e-05,in_domain
0.1,385.56000000489996,283.0428466796875,282.99667981524567,0.0461668644418296,0.0001631357105389704,in_domain
0.1,389.34000000484997,286.8593444824219,286.7766798151957,0.08266466722619725,0.00028825449572631893,in_domain
0.1,393.1200000048,290.6834411621094,290.5566798151457,0.1267613469636899,0.00043627063416451625,in_domain
0.1,396.90000000475,294.5147399902344,294.3366798150957,0.17806017513868255,0.0006049540792895441,in_domain
0.1,400.6800000047,298.35296630859375,298.1166798150457,0.2362864935480502,0.0007925973605188562,in_domain
0.1,404.46000000465,302.1976013183594,301.8966798149957,0.30092150336366785,0.0009967698337990155,in_domain
0.1,408.2400000046,306.04833984375,305.6766798149457,0.3716600288042855,0.001215859937464924,in_domain
0.1,412.02000000455,309.9047546386719,309.4566798148957,0.44807482377615315,0.0014479403839147151,in_domain
0.1,415.80000000449996,313.7663269042969,313.2366798148457,0.5296470894512026,0.0016908846363851043,in_domain
0.1,419.58000000444997,317.6326904296875,317.0166798147957,0.6160106148918203,0.0019431489070281724,in_domain
0.1,423.3600000044,321.50323486328125,320.7966798147457,0.706555048535563,0.002202501126082682,in_domain
0.1,427.14000000435,325.3775939941406,324.5766798146957,0.8009141794449306,0.002467565383631939,in_domain
0.1,430.9200000043,329.255126953125,328.3566798146457,0.8984471384792982,0.002736192663984979,in_domain
0.1,434.70000000425,333.13543701171875,332.1366798145957,0.9987571971230409,0.003007066842724399,in_domain
0.1,438.4800000042,337.0179443359375,335.9166798145457,1.1012645213917835,0.003278385943799439,in_domain
0.1,442.26000000414996,340.9022216796875,339.69667981449567,1.205541865191833,0.003548877386291103,in_domain
0.1,446.04000000409997,344.7876892089844,343.4766798144457,1.3110093945387007,0.0038168803636012185,in_domain
0.1,449.82000000405,348.67376708984375,347.2566798143957,1.4170872754480683,0.004080806382775656,in_domain
0.1,453.600000004,352.56011962890625,351.0366798143457,1.523439814560561,0.004339830855756354,in_domain
0.1,457.38000000395,356.4460754394531,354.8166798142957,1.6293956251574286,0.004592218229453653,in_domain
0.1,461.1600000039,360.3312683105469,358.5966798142457,1.7345884963011713,0.00483715715717082,in_domain
0.1,464.94000000385,364.2151794433594,362.3766798141957,1.838499629163664,0.005073449069918993,in_domain
0.1,468.7200000038,368.0973815917969,366.1566798141457,1.9407017776511566,0.005300194929220519,in_domain
0.1,472.50000000374996,371.977294921875,369.93667981409567,2.040615107779331,0.005516119971679482,in_domain
0.1,476.28000000369997,375.8547058105469,373.7166798140457,2.1380259965011987,0.005720980924814594,in_domain
0.1,480.06000000365,379.7291564941406,377.4966798139957,2.2324766801449414,0.005913897524197966,in_domain
0.1,483.8400000036,383.60015869140625,381.2766798139457,2.323478877460559,0.006093944372874742,in_domain
0.1,487.62000000355,387.46746826171875,385.0566798138957,2.4107884478230517,0.006260866449552897,in_domain
0.1,491.4000000035,391.3306579589844,388.8366798138457,2.4939781451386693,0.006413947743645618,in_domain
0.1,495.18000000345,395.18951416015625,392.6166798137957,2.572834346360537,0.006553043919531747,in_domain
0.1,498.96000000339995,399.0438232421875,396.39667981374566,2.6471434284418365,0.006678016147071782,in_domain
0.1,502.74000000334996,402.89324951171875,400.17667981369567,2.716569698023079,0.0067884258005433806,in_domain
0.1,506.52000000329997,406.7375793457031,403.9566798136457,2.7808995320574468,0.006884152858520221,in_domain
0.1,510.30000000325,410.57672119140625,407.7366798135957,2.8400413778105644,0.006965381135464539,in_domain
0.1,514.0800000032,414.41046142578125,411.5166798135457,2.893781612235557,0.007031991056952302,in_domain
0.1,517.8600000031499,418.2386779785156,415.29667981349564,2.9419981650199816,0.007084087853390003,in_domain
0.1,521.6400000031,422.0614013671875,419.0766798134457,2.9847215537417924,0.007122137063485512,in_domain
0.1,525.42000000305,425.87841796875,422.85667981339566,3.021738155354342,0.007146010219556703,in_domain
0.1,529.200000003,429.6899108886719,426.6366798133457,3.0532310753261527,0.007156513304627128,in_domain
0.1,532.98000000295,433.4958801269531,430.4166798132957,3.079200313657452,0.007153998574109941,in_domain
0.1,536.7600000029,437.2962951660156,434.19667981324574,3.099615352769888,0.007138735731703608,in_domain
0.1,540.54000000285,441.0914306640625,437.9766798131957,3.1147508508668125,0.00711168195575003,in_domain
0.1,544.3200000027999,444.88134765625,441.75667981314564,3.124667843104362,0.007073278086991316,in_domain
0.1,548.10000000275,448.66619873046875,445.5366798130957,3.1295189173730478,0.007024155494191618,in_domain
0.1,551.8800000027,452.4462585449219,449.31667981304565,3.1295787318762223,0.006965195979767312,in_domain
0.1,555.66000000265,456.2215881347656,453.0966798129957,3.124908321769908,0.006896780446635883,in_domain
0.1,559.4400000026,459.9927978515625,456.87667981294567,3.1161180386168326,0.006820479521722651,in_domain
0.1,563.22000000255,463.7598571777344,460.65667981289573,3.1031773648386434,0.006736421071977197,in_domain
0.1,567.0000000025,467.5233459472656,464.4366798128457,3.086666134419943,0.006646042977621359,in_domain
0.1,570.7800000024499,471.2834167480469,468.21667981279563,3.0667369352512424,0.006549824189256559,in_domain
0.1,574.5600000024,475.0404052734375,471.9966798127457,3.043725460691803,0.0064486162527654526,in_domain
0.1,578.3400000023499,478.79486083984375,475.77667981269565,3.0181810271481027,0.006343692650796386,in_domain
0.1,582.1200000023,482.5470886230469,479.5566798126457,2.9904088104011635,0.0062357776177144756,in_domain
0.1,585.90000000225,486.29742431640625,483.33667981259566,2.960744503810588,0.006125635871373467,in_domain
0.1,589.6800000022,490.0461730957031,487.1166798125457,2.9294932831573988,0.00601394574352235,in_domain
0.1,593.46000000215,493.79376220703125,490.8966798124957,2.8970823945355733,0.0059016133407994355,in_domain
0.1,597.2400000021,497.54052734375,494.67667981244574,2.863847531304259,0.005789331998407673,in_domain
0.1,601.02000000205,501.2868957519531,498.4566798123957,2.8302159395574336,0.005677957692577503,in_domain
0.1,604.8000000019999,505.0328674316406,502.23667981234564,2.796187619294983,0.005567469943333774,in_domain
0.1,608.58000000195,508.77899169921875,506.0166798122957,2.762311886923044,0.005458934452413128,in_domain
0.1,612.3600000019,512.525146484375,509.79667981224566,2.7284666721293434,0.005352068344451002,in_domain
0.1,616.14000000185,516.2716064453125,513.5766798121957,2.694926633116779,0.005247369553660921,in_domain
0.1,619.9200000018,520.018310546875,517.3566798121457,2.6616307347293287,0.005144672599367573,in_domain
0.1,623.70000000175,523.7653198242188,521.1366798120957,2.6286400121230145,0.005044051040642185,in_domain
0.1,627.4800000017,527.51220703125,524.9166798120457,2.595527219204314,0.004944646110566883,in_domain
0.1,631.2600000016499,531.2591552734375,528.6966798119956,2.5624754614418634,0.004846778047392086,in_domain
0.1,635.0400000016,535.00537109375,532.4766798119457,2.5286912818042993,0.004748923995502216,in_domain
0.1,638.8200000015499,538.7505493164062,536.2566798118957,2.4938695045105987,0.004650514573329661,in_domain
0.1,642.6000000015,542.4940795898438,540.0366798118457,2.4573997779980346,0.004550431238956246,in_domain
0.1,646.38000000145,546.2352294921875,543.8166798117957,2.418549680391834,0.004447362080230505,in_domain
0.1,650.1600000014,549.9729614257812,547.5966798117457,2.37628161403552,0.004339474108667796,in_domain
0.1,653.94000000135,553.7063598632812,551.3766798116957,2.3296800515855693,0.004225205992355705,in_domain
0.1,657.7200000012999,557.43408203125,555.1566798116456,2.277402219604369,0.004102269327601443,in_domain
0.1,661.50000000125,561.155029296875,558.9366798115957,2.2183494852793046,0.003968874409936842,in_domain
0.1,665.2800000011999,564.867431640625,562.7166798115456,2.150751829079354,0.003822086506836163,in_domain
0.1,669.06000000115,568.5697631835938,566.4966798114957,2.07308337209804,0.003659480180515564,in_domain
0.1,672.8400000011,572.2603759765625,570.2766798114457,1.9836961651168394,0.003478480245365674,in_domain
0.1,676.62000000105,575.9370727539062,574.0566798113957,1.8803929425105252,0.0032756224405024285,in_domain
0.1,680.400000001,579.5982666015625,577.8366798113457,1.7615867902168247,0.0030485894228659115,in_domain
0.1,684.1800000009499,583.241455078125,581.6166798112956,1.6247752668293742,0.0027935499844270787,in_domain
0.1,687.9600000009,586.86474609375,585.3966798112457,1.46806628250431,0.0025078145010622045,in_domain
0.1,691.7400000008499,590.4656982421875,589.1766798111956,1.2890184309918595,0.002187830026478528,in_domain
0.1,695.5200000008,594.0420532226562,592.9566798111457,1.0853734115105453,0.0018304430128963762,in_domain
0.1,699.30000000075,597.5914306640625,596.7366798110957,0.8547508529668448,0.001432375253415672,in_domain
0.1,703.0800000007,601.1116333007812,600.5166798110457,0.5949534897355306,0.0009907359940821868,extrapolation
0.1,706.86000000065,604.6000366210938,604.2966798109957,0.30335681009808013,0.0005019997961811742,extrapolation
0.1,710.6400000006,608.0546264648438,608.0766798109457,0.02205334610198406,3.626737685260445e-05,extrapolation
0.1,714.42000000055,611.4729614257812,611.8566798108957,0.38371838511443457,0.0006271376905340463,extrapolation
0.1,718.2000000004999,614.8528442382812,615.6366798108456,0.7838355725643851,0.0012732112920971806,extrapolation
0.1,721.98000000045,618.1921997070312,619.4166798107957,1.2244801037644493,0.0019768277860042027,extrapolation
0.1,725.7600000003999,621.4890747070312,623.1966798107456,1.7076051037143998,0.0027400741355569653,extrapolation
0.1,729.54000000035,624.7415161132812,626.9766798106957,2.235163697414464,0.0035649869754156268,extrapolation
0.1,733.3200000003,627.94775390625,630.7566798106457,2.8089259043956645,0.004453263824711153,extrapolation
0.1,737.10000000025,631.1060791015625,634.5366798105957,3.4306007090332287,0.005406465564854716,extrapolation
0.1,740.8800000002,634.2151489257812,638.3166798105457,4.101530884764429,0.006425542390623062,extrapolation
0.1,744.6600000001499,637.2735595703125,642.0966798104956,4.82312024018313,0.007511517177766119,extrapolation
0.1,748.4400000001,640.2802124023438,645.8766798104457,5.596467408101944,0.008664916357940677,extrapolation
0.1,752.2200000000499,643.23388671875,649.6566798103956,6.422793091645644,0.009886442010447975,extrapolation
0.1,756.0,646.1340942382812,653.4366798103457,7.302585572064459,0.011175659092452493,extrapolation
0.25,1e-08,-2.605036497116089,0.0,2.605036497116089,nan,in_domain
0.25,3.7800000099499997,-2.634565591812134,3.595168342432944e-21,2.634565591812134,nan,in_domain
0.25,7.5600000098999995,-2.648138999938965,1.0405271796012642e-13,2.6481389999390688,nan,in_domain
0.25,11.34000000985,-2.6431217193603516,4.281437321305207e-10,2.6431217197884953,6173444853.7547035,in_domain
0.25,15.1200000098,-2.6166253089904785,7.310632284633208e-08,2.6166253820968013,35792053.001993984,in_domain
0.25,18.90000000975,-2.565502405166626,2.557908931775212e-06,2.5655049630755578,1002969.6253865745,in_domain
0.25,22.6800000097,-2.486358880996704,3.5411115737963217e-05,2.486394292112442,70215.07908735142,in_domain
0.25,26.46000000965,-2.375619411468506,0.0002696274337363894,2.3758890389022422,8811.7481443862,in_domain
0.25,30.2400000096,-2.229435443878174,0.001360177626515231,2.230795621504689,1640.0766914685823,in_domain
0.25,34.020000009549996,-2.0436599254608154,0.005096824616859098,2.0487567500776747,401.9672843560025,in_domain
0.25,37.800000009499996,-1.8139984607696533,0.015287007331249852,1.8292854681009032,119.66275860687655,in_domain
0.25,41.580000009449996,-1.5356844663619995,0.038626348571295155,1.5743108149332947,40.757433025994864,in_domain
0.25,45.3600000094,-1.2039250135421753,0.08526654918773935,1.2891915627299146,15.119546586685253,in_domain
0.25,49.14000000935,-0.8135470151901245,0.16888155065519528,0.9824285658453198,5.817264005652932,in_domain
0.25,52.9200000093,-0.35910215973854065,0.306190684020172,0.6652928437587127,2.1728056354414846,in_domain
0.25,56.70000000925,0.16511383652687073,0.5160405559457715,0.35092671941890075,0.6800370927741155,in_domain
0.25,60.4800000092,0.7649854421615601,0.8182296633125805,0.053244221151020454,0.06507246502829374,in_domain
0.25,64.26000000914999,1.446649432182312,1.232275538655684,0.21437389352662795,0.17396587597648253,in_domain
0.25,68.04000000909998,2.2164249420166016,1.7762920169175196,0.440132925099082,0.24778185169286787,in_domain
0.25,71.82000000904999,3.0807974338531494,2.4660887784696097,0.6147086553835397,0.24926460910503467,in_domain
0.25,75.60000000899998,4.046348571777344,3.314547119427326,0.7318014523500178,0.2207847485590899,in_domain
0.25,79.38000000894999,5.119649410247803,4.331277366546253,0.7883720437015498,0.18201836940546598,in_domain
0.25,83.16000000889998,6.307302474975586,5.522529553304473,0.784772921671113,0.14210388809988977,in_domain
0.25,86.94000000884999,7.615677356719971,6.891309909798309,0.7243674469216614,0.1051131724451588,in_domain
0.25,90.72000000879999,9.050956726074219,8.437648721368177,0.6133080047060417,0.07268707491375546,in_domain
0.25,94.50000000874999,10.61888599395752,10.158966615805681,0.45991937815183803,0.04527226001867937,in_domain
0.25,98.28000000869999,12.32454776763916,12.050492958828663,0.27405480881049726,0.022742207289512914,in_domain
0.25,102.06000000865,14.172432899475098,14.105699058292302,0.06673384118279557,0.0047309843281793836,in_domain
0.25,105.84000000859999,16.165987014770508,16.316718385126954,0.15073137035644635,0.009237848371143139,in_domain
0.25,109.62000000855,18.307498931884766,18.674734824105144,0.36723589222037845,0.019664851773228628,in_domain
0.25,113.40000000849999,20.598094940185547,21.17032744941362,0.5722325092280727,0.027029931898569785,in_domain
0.25,117.18000000845,23.03730010986328,23.793766257233592,0.7564661473703111,0.031792619091579766,in_domain
0.25,120.96000000839999,25.623069763183594,26.535257711279407,0.9121879480958128,0.03437644955330759,in_domain
0.25,124.74000000834998,28.351816177368164,29.38514203846168,1.033325861093516,0.03516490952267696,in_domain
0.25,128.5200000083,31.218324661254883,32.33404618241829,1.1157215211634082,0.03450609041840499,in_domain
0.25,132.30000000825,34.21574401855469,35.37299742504349,1.157253406488806,0.03271572924915574,in_domain
0.25,136.0800000082,37.33597183227539,38.493503144446365,1.157531312170974,0.030070822804236678,in_domain
0.25,139.86000000815,40.569847106933594,41.68760218374496,1.1177550768113633,0.02681264976298407,in_domain
0.25,143.6400000081,43.90723419189453,44.947893013774944,1.0406588218804131,0.0231525607120558,in_domain
0.25,147.42000000805,47.33760070800781,48.267543403692756,0.929942695684943,0.019266418593281813,in_domain
0.25,151.200000008,50.850120544433594,51.64028575476395,0.7901652103303576,0.015301333034499383,in_domain
0.25,154.98000000795,54.43427658081055,55.06040166649582,0.626125085685274,0.011371604033652923,in_domain
0.25,158.7600000079,58.07978439331055,58.522698732189866,0.4429143388793193,0.007568248704766214,in_domain
0.25,162.54000000785,61.77693557739258,62.02248202871969,0.24554645132711528,0.00395899105123549,in_domain
0.25,166.3200000078,65.51683044433594,65.555522287098,0.038691842762062834,0.0005902148501328894,in_domain
0.25,170.10000000775,69.29132843017578,69.1180223122639,0.17330611791187778,0.0025073940502653436,in_domain
0.25,173.8800000077,73.09325408935547,72.70658286307713,0.38667122627833805,0.005318242324859732,in_domain
0.25,177.66000000765,76.91621398925781,76.31816890384312,0.5980450854146966,0.007836208520256847,in_domain
0.25,181.4400000076,80.75458526611328,79.95007689187393,0.8045083742393473,0.01006263415265229,in_domain
0.25,185.22000000755,84.60350799560547,83.59990356566462,1.0036044299408502,0.012004851526563737,in_domain
0.25,189.0000000075,88.45889282226562,87.26551653899786,1.1933762832677672,0.013675233134435897,in_domain
0.25,192.78000000744998,92.31707000732422,90.94502688157739,1.3720431257468277,0.015086510750427417,in_domain
0.25,196.5600000074,96.17500305175781,94.63676377096489,1.5382392807929222,0.016254140774674956,in_domain
0.25,200.34000000735,100.03018188476562,98.33925122854399,1.6909306562216386,0.017194870157103945,in_domain
0.25,204.1200000073,103.88036346435547,102.05118689948519,1.8291765648702807,0.017924108679617017,in_domain
0.25,207.90000000725,107.72373962402344,105.77142279937866,1.9523168246447824,0.018457885627083115,in_domain
0.25,211.6800000072,111.55887603759766,109.49894792508655,2.059928112511102,0.018812309629864177,in_domain
0.25,215.46000000715,115.38444519042969,113.23287261173246,2.151572578697227,0.019001307032762628,in_domain
0.25,219.2400000071,119.19956970214844,116.97241450936139,2.227155192787052,0.019040003595110974,in_domain
0.25,223.02000000705,123.00347900390625,120.71688604986089,2.2865929540453607,0.018941782122352847,in_domain
0.25,226.800000007,126.79582977294922,124.46568327578427,2.3301464971649466,0.018721196363835766,in_domain
0.25,230.58000000695,130.576171875,128.2182759066024,2.3578959683975995,0.01838970265140013,in_domain
0.25,234.3600000069,134.3444366455078,131.9741985237372,2.370238121770626,0.01795985994447475,in_domain
0.25,238.14000000685,138.10073852539062,135.7330427627923,2.3676957625983164,0.01744376840307126,in_domain
0.25,241.9200000068,141.84530639648438,139.49445040917269,2.3508559873116894,0.016852684679684614,in_domain
0.25,245.70000000675,145.578369140625,143.25810730136374,2.3202618392612635,0.016196373685017796,in_domain
0.25,249.48000000669998,149.30059814453125,147.02373795424927,2.2768601902819796,0.015486344055478246,in_domain
0.25,253.26000000665,153.01243591308594,150.79110082275537,2.2213350903305695,0.014731208129726416,in_domain
0.25,257.0400000066,156.71456909179688,154.55998413369042,2.1545849581064545,0.013940121501583448,in_domain
0.25,260.82000000655,160.4077911376953,158.33020222080552,2.0775889168897947,0.013121873702860637,in_domain
0.25,264.6000000065,164.09286499023438,162.10159230477217,1.9912726854622065,0.012284103179679776,in_domain
0.25,268.38000000645,167.7707061767578,165.8740116659392,1.8966945108186053,0.011434548979489565,in_domain
0.25,272.16000000639997,171.442138671875,169.6473351633822,1.7948035084928051,0.0105796150983703,in_domain
0.25,275.94000000635,175.10812377929688,173.42145305890398,1.6866707203928968,0.00972584816147288,in_domain
0.25,279.7200000063,178.76954650878906,177.19626910930407,1.5732773994849936,0.008878727567985715,in_domain
0.25,283.50000000625,182.42738342285156,180.9716988944357,1.4556845284158726,0.008043713670749159,in_domain
0.25,287.2800000062,186.08245849609375,184.7476683523357,1.334790143758056,0.007224936345136725,in_domain
0.25,291.06000000615,189.7357940673828,188.52411249608664,1.2116815712961682,0.006427196793308443,in_domain
0.25,294.8400000061,193.38819885253906,192.30097429007418,1.0872245624648826,0.0056537652317084535,in_domain
0.25,298.62000000605,197.0404815673828,196.07820366597764,0.962277901405173,0.004907622996406214,in_domain
0.25,302.40000000599997,200.6934356689453,199.8557566612012,0.8376790077441001,0.004191417959324271,in_domain
0.25,306.18000000595,204.34793090820312,203.633594664556,0.714336243647125,0.003507948896270507,in_domain
0.25,309.9600000059,208.0045623779297,207.41168375585443,0.5928786220752613,0.00285846299176252,in_domain
0.25,313.74000000585,211.66400146484375,211.18999412772095,0.4740073371227993,0.0022444592561337677,in_domain
0.25,317.5200000058,215.32693481445312,214.96849957936126,0.3584352350918607,0.0016673849228758045,in_domain
0.25,321.30000000575,218.99386596679688,218.747177073304,0.24668889349288747,0.0011277352091735564,in_domain
0.25,325.0800000057,222.6653289794922,222.5260063472449,0.13932263224728558,0.0006260959540606546,in_domain
0.25,328.86000000564997,226.3416748046875,226.30496957410276,0.03670523058474373,0.00016219365687736138,in_domain
0.25,332.6400000056,230.0234832763672,230.0840510642575,0.06056778789030659,0.0002632420092142385,in_domain
0.25,336.42000000555,233.71087646484375,233.863237004693,0.1523605398492407,0.0006514941886577207,in_domain
0.25,340.2000000055,237.40431213378906,237.64251523043134,0.23820309664228034,0.0010023589272790915,in_domain
0.25,343.98000000545,241.1038818359375,241.42187502422036,0.3179931882828555,0.0013171680828464828,in_domain
0.25,347.7600000054,244.809814453125,245.20130694094462,0.3914924878196189,0.0015966166441107414,in_domain
0.25,351.54000000535,248.5222930908203,248.98080265367508,0.45850956285477196,0.0018415458459765076,in_domain
0.25,355.3200000053,252.2414093017578,252.76035481865597,0.5189455168981567,0.0020531127884769605,in_domain
0.25,359.10000000524997,255.96710205078125,256.53995695687104,0.5728549060897876,0.0022330046082688583,in_domain
0.25,362.8800000052,259.699462890625,260.31960335012536,0.6201404595003623,0.002382227275701109,in_domain
0.25,366.66000000515,263.4383850097656,264.09928894983796,0.6609039400723304,0.0025024828453735827,in_domain
0.25,370.4400000051,267.1838073730469,267.87900929696866,0.6952019239217861,0.002595208656871993,in_domain
0.25,374.22000000505,270.93560791015625,271.65876045169864,0.7231525415423903,0.002661988666737541,in_domain
0.25,378.000000005,274.69366455078125,275.4385389316575,0.7448743808762401,0.0027043215657670196,in_domain
0.25,381.78000000495,278.4578552246094,279.218341657643,0.7604864330336341,0.002723626351044254,in_domain
0.25,385.56000000489996,282.227783203125,282.99816590590706,0.770382702782058,0.002722218005604317,in_domain
0.25,389.34000000484997,286.00335693359375,286.77800926620273,0.77465233260898,0.0027012264105993784,in_domain
0.25,393.1200000048,289.7843017578125,290.55786960488206,0.7735678470695575,0.0026623537958944334,in_domain
0.25,396.90000000475,293.5704040527344,294.33774503242796,0.7673409796935857,0.002607008420238613,in_domain
0.25,400.6800000047,297.36126708984375,298.11763387487593,0.7563667850321849,0.0025371420509450386,in_domain
0.25,404.46000000465,301.15667724609375,301.8975346486523,0.7408574025585608,0.0024540028239076845,in_domain
0.25,408.2400000046,304.9562683105469,305.6774460384121,0.7211777278652107,0.0023592768691694252,in_domain
0.25,412.02000000455,308.75970458984375,309.45736687751196,0.6976622876682086,0.002254469798886236,in_domain
0.25,415.80000000449996,312.5667724609375,313.23729613079917,0.6705236698616659,0.002140625264437457,in_domain
0.25,419.58000000444997,316.376953125,317.0172328794373,0.6402797544373016,0.002019700155167281,in_domain
0.25,423.3600000044,320.1900329589844,320.7971763075202,0.6071433485358284,0.0018926081442618846,in_domain
0.25,427.14000000435,324.0057373046875,324.5771256902624,0.5713883855748918,0.0017604086682317735,in_domain
0.25,430.9200000043,327.8234558105469,328.35708038357456,0.5336245730276801,0.0016251349671044695,in_domain
0.25,434.70000000425,331.6431579589844,332.1370398148584,0.4938818558740081,0.0014869821690146647,in_domain
0.25,438.4800000042,335.4643249511719,335.9170034748759,0.45267852370403716,0.0013475903839976178,in_domain
0.25,442.26000000414996,339.2867126464844,339.69697091056474,0.4102582640803689,0.0012077183466801696,in_domain
0.25,446.04000000409997,343.10992431640625,343.47694171868716,0.36701740228090785,0.0010685357813087222,in_domain
0.25,449.82000000405,346.9337463378906,347.2569155402132,0.3231692023225605,0.0009306343167271978,in_domain
0.25,453.600000004,350.7577819824219,351.0368920553528,0.27911007293090506,0.0007951018233345514,in_domain
0.25,457.38000000395,354.581787109375,354.81687097915886,0.23508386978386397,0.0006625498644839587,in_domain
0.25,461.1600000039,358.40545654296875,358.59685205763475,0.1913955146659987,0.0005337345087324889,in_domain
0.25,464.94000000385,362.2285461425781,362.3768350642872,0.14828892170908148,0.00040921192350160677,in_domain
0.25,468.7200000038,366.0507507324219,366.15681979707205,0.10606906465017119,0.00028968206766968256,in_domain
0.25,472.50000000374996,369.87188720703125,369.9368060756876,0.06491886865637753,0.00017548637386217628,in_domain
0.25,476.28000000369997,373.6916809082031,373.71679373917516,0.025112830972034317,6.71974912360002e-05,in_domain
0.25,480.06000000365,377.50994873046875,377.4967826437898,0.01316608667895025,3.4877348057755284e-05,in_domain
0.25,483.8400000036,381.326416015625,381.27677266111226,0.049643354512738824,0.00013020293412120072,in_domain
0.25,487.62000000355,385.1410217285156,385.05676367637267,0.08425805214295679,0.00021881982110505884,in_domain
0.25,491.4000000035,388.9535217285156,388.836755586962,0.11676614155362586,0.00030029604937260493,in_domain
0.25,495.18000000345,392.7637023925781,392.61674830110985,0.14695409146827387,0.00037429399561826707,in_domain
0.25,498.96000000339995,396.57159423828125,396.3967417367099,0.17485250157136534,0.00044110479012843116,in_domain
0.25,502.74000000334996,400.376953125,400.17673582027555,0.20021730472444688,0.000500322199675213,in_domain
0.25,506.52000000329997,404.17974853515625,403.9567304860111,0.22301804914513923,0.0005520840038407585,in_domain
0.25,510.30000000325,407.9798889160156,407.73672567498573,0.2431632410298903,0.000596373163656884,in_domain
0.25,514.0800000032,411.7773132324219,411.5167213343984,0.2605918980234492,0.0006332474101622039,in_domain
0.25,517.8600000031499,415.5718688964844,415.2967174169234,0.2751514795609751,0.0006625419080419695,in_domain
0.25,521.6400000031,419.3636779785156,419.0767138801279,0.2869640983877275,0.0006847531463411501,in_domain
0.25,525.42000000305,423.152587890625,422.8567106859516,0.2958772046733884,0.0006997103207689928,in_domain
0.25,529.200000003,426.9388122558594,426.63670780024586,0.3021044556135166,0.0007081070383539616,in_domain
0.25,532.98000000295,430.7220764160156,430.41670519235936,0.305371223656266,0.0007094780940711659,in_domain
0.25,536.7600000029,434.5027160644531,434.19670283477154,0.3060132296815823,0.0007047801783930912,in_domain
0.25,540.54000000285,438.280517578125,437.97670070276354,0.30381687536146273,0.0006936827344330596,in_domain
0.25,544.3200000027999,442.0557556152344,441.75669877412577,0.29905684110860875,0.0006769718307350881,in_domain
0.25,548.10000000275,445.82843017578125,445.5366970288966,0.2917331468846669,0.0006547903883790423,in_domain
0.25,551.8800000027,449.5986328125,449.31669544912756,0.28193736337243536,0.0006274802744434338,in_domain
0.25,555.66000000265,453.3663635253906,453.09669401867666,0.26966950671396717,0.0005951698837662483,in_domain
0.25,559.4400000026,457.1320495605469,456.87669272301997,0.25535683752690375,0.0005589185038198327,in_domain
0.25,563.22000000255,460.8955078125,460.6566915490862,0.2388162634138098,0.000518425690530455,in_domain
0.25,567.0000000025,464.6571044921875,464.43669048510696,0.22041400708053516,0.0004745835365640716,in_domain
0.25,570.7800000024499,468.4168701171875,468.21668952048367,0.20018059670383082,0.00042753836243821734,in_domain
0.25,574.5600000024,472.17498779296875,471.9966886456679,0.17829914730083374,0.00037775508089355365,in_domain
0.25,578.3400000023499,475.9316711425781,475.7766878520545,0.15498329052360305,0.0003257479705937084,in_domain
0.25,582.1200000023,479.6870422363281,479.5566871318863,0.13035510444183274,0.00027182418249958184,in_domain
0.25,585.90000000225,483.44122314453125,483.33668647816785,0.10453666636340131,0.00021628125753314444,in_domain
0.25,589.6800000022,487.1946105957031,487.1166858845886,0.0779247111145196,0.0001599713443874557,in_domain
0.25,593.46000000215,490.9472351074219,490.89668534545416,0.05054976196771577,0.00010297433956422593,in_domain
0.25,597.2400000021,494.6993408203125,494.676684855625,0.02265596468748754,4.579954014630758e-05,in_domain
0.25,601.02000000205,498.4511413574219,498.45668441045973,0.005543053037854406,1.112043074396795e-05,in_domain
0.25,604.8000000019999,502.2027282714844,502.2366840057665,0.033955734282130834,6.760902849888394e-05,in_domain
0.25,608.58000000195,505.95440673828125,506.01668363775815,0.06227689947689896,0.0001230728185268316,in_domain
0.25,612.3600000019,509.7062072753906,509.79668330301166,0.09047602762103679,0.00017747472783627327,in_domain
0.25,616.14000000185,513.4584350585938,513.5766829984325,0.1182479398387386,0.0002302439806035733,in_domain
0.25,619.9200000018,517.2111206054688,517.3566827212222,0.14556211575347788,0.0002813573702920816,in_domain
0.25,623.70000000175,520.9645385742188,521.1366824688491,0.1721438946303806,0.0003303238870364311,in_domain
0.25,627.4800000017,524.7186279296875,524.9166822390224,0.19805430933490697,0.00037730618217373085,in_domain
0.25,631.2600000016499,528.4735717773438,528.6966820296685,0.22311025232477277,0.00042200047760513964,in_domain
0.25,635.0400000016,532.2294311523438,532.4766818389104,0.24725068656664462,0.0004643408716279619,in_domain
0.25,638.8200000015499,535.986328125,536.2566816650473,0.2703535400472674,0.0005041495039424678,in_domain
0.25,642.6000000015,539.744140625,540.0366815065388,0.2925408815387982,0.0005417055758558803,in_domain
0.25,646.38000000145,543.5028076171875,543.8166813619887,0.31387374480118524,0.0005771682913718066,in_domain
0.25,650.1600000014,547.2623291015625,547.5966812301316,0.334352128569094,0.0006105809988073686,in_domain
0.25,653.94000000135,551.0224609375,551.3766811098199,0.3542201723198559,0.0006424286417170851,in_domain
0.25,657.7200000012999,554.7828979492188,555.1566810000126,0.37378305079380425,0.0006732928983588974,in_domain
0.25,661.50000000125,558.5435791015625,558.9366808997654,0.39310179820290614,0.0007033029171928715,in_domain
0.25,665.2800000011999,562.303955078125,562.7166808082214,0.4127257300964402,0.0007334520979609997,in_domain
0.25,669.06000000115,566.0635986328125,566.4966807246025,0.43308209178997004,0.0007644918435109228,in_domain
0.25,672.8400000011,569.8219604492188,570.276680648202,0.45472019898329563,0.0007973676890775899,in_domain
0.25,676.62000000105,573.5782470703125,574.0566805783783,0.4784335080657911,0.0008334255557896406,in_domain
0.25,680.400000001,577.3318481445312,577.8366805145483,0.504832370017084,0.0008736592657419119,in_domain
0.25,684.1800000009499,581.0817260742188,581.6166804561819,0.534954381963189,0.0009197713888528884,in_domain
0.25,687.9600000009,584.8267822265625,585.3966804027975,0.5698981762350286,0.0009735247829606674,in_domain
0.25,691.7400000008499,588.5658569335938,589.1766803539571,0.6108234203633174,0.0010367406598583565,in_domain
0.25,695.5200000008,592.2976684570312,592.9566803092622,0.6590118522309467,0.0011113996588877839,in_domain
0.25,699.30000000075,596.0205078125,596.7366802683503,0.7161724558502556,0.0012001482052824296,in_domain
0.25,703.0800000007,599.7330932617188,600.5166802308914,0.7835869691726884,0.001304854627637335,extrapolation
0.25,706.86000000065,603.43310546875,604.2966801965852,0.8635747278351573,0.0014290575409982823,extrapolation
0.25,710.6400000006,607.1189575195312,608.0766801651582,0.9577226456269727,0.0015750030824514566,extrapolation
0.25,714.42000000055,610.7883911132812,611.8566801363614,1.0682890230801831,0.0017459791774147157,extrapolation
0.25,718.2000000004999,614.439208984375,615.6366801099679,1.1974711255928696,0.0019450938585708892,extrapolation
0.25,721.98000000045,618.0689697265625,619.4166800857708,1.3477103592083495,0.0021757734373923083,extrapolation
0.25,725.7600000003999,621.6751708984375,623.1966800635817,1.5215091651441526,0.0024414590350335637,extrapolation
0.25,729.54000000035,625.2551879882812,626.9766800432288,1.7214920549475892,0.00274570348426499,extrapolation
0.25,733.3200000003,628.806640625,630.7566800245552,1.9500393995551804,0.0030915873922718754,extrapolation
0.25,737.10000000025,632.326416015625,634.536680007418,2.210263991792999,0.0034832722227612755,extrapolation
0.25,740.8800000002,635.812255859375,638.3166799916869,2.5044241323118968,0.003923482200628868,extrapolation
0.25,744.6600000001499,639.260986328125,642.0966799772426,2.8356936491176157,0.004416303241465318,extrapolation
0.25,748.4400000001,642.670166015625,645.8766799639766,3.206513948351585,0.004964591612953771,extrapolation
0.25,752.2200000000499,646.037109375,649.6566799517894,3.6195705767894424,0.005571512905952184,extrapolation
0.25,756.0,649.3591918945312,653.4366799405907,4.077488046059443,0.006240066055719678,extrapolation
0.4,1e-08,-2.125271797180176,0.0,2.125271797180176,nan,in_domain
0.4,3.7800000099499997,-1.9148404598236084,4.688314866813426e-09,1.9148404645119232,408428298.6337499,in_domain
0.4,7.5600000098999995,-1.6785537004470825,6.12667840727273e-06,1.6785598271254898,273975.50769646076,in_domain
0.4,11.34000000985,-1.4141525030136108,0.00021260946910865806,1.4143651124827195,6652.408843370385,in_domain
0.4,15.1200000098,-1.119057059288025,0.0019801850582701706,1.121037244346295,566.1275140241686,in_domain
0.4,18.90000000975,-0.7905005216598511,0.009529223168735196,0.8000297448285862,83.95540021073653,in_domain
0.4,22.6800000097,-0.4255126416683197,0.031078661778867755,0.45659130344718746,14.691472454507396,in_domain
0.4,26.46000000965,-0.020766109228134155,0.07873639957563972,0.09950250880377387,1.2637421743952715,in_domain
0.4,30.2400000096,0.42725667357444763,0.16742747251477508,0.25982920105967255,1.5518910795045493,in_domain
0.4,34.020000009549996,0.9224240779876709,0.31344440701796317,0.6089796709697077,1.9428634148026376,in_domain
0.4,37.800000009499996,1.4688403606414795,0.5330664157858949,0.9357739448555846,1.7554546997225136,in_domain
0.4,41.580000009449996,2.070957660675049,0.8414725911220398,1.229485069553009,1.4611112501163992,in_domain
0.4,45.3600000094,2.733489751815796,1.2520095530358581,1.4814801987799378,1.1832818648928531,in_domain
0.4,49.14000000935,3.461564064025879,1.7757836151263948,1.685780448899484,0.9493163663296305,in_domain
0.4,52.9200000093,4.26044225692749,2.4215108635638876,1.8389313933636027,0.759414884745606,in_domain
0.4,56.70000000925,5.135680675506592,3.195552544706869,1.9401281307997227,0.6071338535845269,in_domain
0.4,60.4800000092,6.093160629272461,4.102071558562971,1.9910890707094904,0.4853862352920544,in_domain
0.4,64.26000000914999,7.138737201690674,5.143259181836211,1.9954780198544633,0.3879792849836612,in_domain
0.4,68.04000000909998,8.27834415435791,6.319594607996823,1.9587495463610871,0.30994860712781847,in_domain
0.4,71.82000000904999,9.517928123474121,7.6301114670292804,1.8878166564448406,0.24741665499938575,in_domain
0.4,75.60000000899998,10.86318588256836,9.072654604367909,1.7905312782004508,0.19735472761615144,in_domain
0.4,79.38000000894999,12.319462776184082,10.644117168784799,1.675345607399283,0.157396389088279,in_domain
0.4,83.16000000889998,13.891524314880371,12.340652857159249,1.5508714577211222,0.12567175137913444,in_domain
0.4,86.94000000884999,15.583369255065918,14.157861419463476,1.425507835602442,0.10068666399310347,in_domain
0.4,90.72000000879999,17.39805030822754,16.09094763241166,1.3071026758158801,0.08123217511335445,in_domain
0.4,94.50000000874999,19.337366104125977,18.13485522878608,1.2025108753398968,0.06630937276141637,in_domain
0.4,98.28000000869999,21.401750564575195,20.284377973044045,1.1173725915311508,0.055085376195219284,in_domain
0.4,102.06000000865,23.59000015258789,22.534250390223455,1.0557497623644352,0.046850893377064586,in_domain
0.4,105.84000000859999,25.899288177490234,24.879220720385604,1.0200674571046306,0.041000780071411363,in_domain
0.4,109.62000000855,28.32498550415039,27.314108580860363,1.0108769232900272,0.0370093323857683,in_domain
0.4,113.40000000849999,30.860782623291016,29.83384963952811,1.0269329837629044,0.034421738936509155,in_domain
0.4,117.18000000845,33.49882125854492,32.433529378725474,1.0652918798194477,0.032845388714255,in_domain
0.4,120.96000000839999,36.23005294799805,35.108407790066316,1.1216451579317308,0.03194804972753827,in_domain
0.4,124.74000000834998,39.044349670410156,37.85393660369466,1.190413066715493,0.03144753686197343,in_domain
0.4,128.5200000083,41.93122863769531,40.66577043198438,1.2654582057109351,0.031118510537688694,in_domain
0.4,132.30000000825,44.87998580932617,43.53977300324424,1.3402128060819294,0.030781345736048446,in_domain
0.4,136.0800000082,47.88047409057617,46.47201947808116,1.4084546124950137,0.030307583537645073,in_domain
0.4,139.86000000815,50.92325973510742,49.458795680150445,1.4644640549569772,0.02960977991513688,in_domain
0.4,143.6400000081,54.00019836425781,52.496594933252275,1.503603431005537,0.028641923022194492,in_domain
0.4,147.42000000805,57.10460662841797,55.582113076582985,1.5224935518349838,0.027391789688478357,in_domain
0.4,151.200000008,60.23129653930664,58.71224212753384,1.5190544117727995,0.02587287347114308,in_domain
0.4,154.98000000795,63.376773834228516,61.88406297475656,1.4927108594719556,0.024121086879522677,in_domain
0.4,158.7600000079,66.53910827636719,65.09483741131307,1.444270865054122,0.0221871798515794,in_domain
0.4,162.54000000785,69.71776580810547,68.34199975675465,1.3757660513508227,0.020130608648378737,in_domain
0.4,166.3200000078,72.91325378417969,71.62314826622949,1.2901055179501952,0.018012410082209183,in_domain
0.4,170.10000000775,76.12691497802734,74.93603648269598,1.1908784953313614,0.01589193332378015,in_domain
0.4,173.8800000077,79.36070251464844,78.2785646536752,1.0821378609732335,0.013824191408732311,in_domain
0.4,177.66000000765,82.6168441772461,81.64877130555746,0.9680728716886335,0.011856551619935292,in_domain
0.4,181.4400000076,85.89749145507812,85.04482504527347,0.8526664098046552,0.010026082237816819,in_domain
0.4,185.22000000755,89.20467376708984,88.46501664029871,0.7396571267911298,0.00836101269045816,in_domain
0.4,189.0000000075,92.53992462158203,91.9077514127418,0.6321732088402285,0.006878344852560347,in_domain
0.4,192.78000000744998,95.9043960571289,95.37154197106183,0.5328540860670756,0.005587139256160472,in_domain
0.4,196.5600000074,99.29853820800781,98.85500129324001,0.44353691476780455,0.004486742288861159,in_domain
0.4,200.34000000735,102.7223892211914,102.35683616755624,0.36555305363516766,0.0035713594452720684,in_domain
0.4,204.1200000073,106.17537689208984,105.87584099113543,0.2995359009544103,0.0028291241717691693,in_domain
0.4,207.90000000725,109.65631103515625,109.4108919218086,0.24541911334765132,0.002243095811000628,in_domain
0.4,211.6800000072,113.16374206542969,112.96094137534237,0.20280069008731516,0.0017953169265246883,in_domain
0.4,215.46000000715,116.69573211669922,116.52501285750209,0.17071925919712783,0.0014650868084940666,in_domain
0.4,219.2400000071,120.25030517578125,120.1021961185618,0.14810905721944323,0.0012331919149357916,in_domain
0.4,223.02000000705,123.82520294189453,123.6916426166095,0.13356032528503192,0.0010797845550407238,in_domain
0.4,226.800000007,127.41817474365234,127.29256127520081,0.1256134684515331,0.0009868091834523026,in_domain
0.4,230.58000000695,131.02685546875,130.90421452049054,0.12264094825945904,0.0009368754757721108,in_domain
0.4,234.3600000069,134.64927673339844,134.52591458283882,0.12336215055961475,0.0009170140261982785,in_domain
0.4,238.14000000685,138.28330993652344,138.15702004798106,0.12628988854237377,0.0009141040281450345,in_domain
0.4,241.9200000068,141.92723083496094,141.79693264311527,0.13029819184566804,0.0009189069849177338,in_domain
0.4,245.70000000675,145.57936096191406,145.44509424365322,0.13426671826084657,0.0009231436712187738,in_domain
0.4,249.48000000669998,149.2384033203125,149.10098408687034,0.13741923344215934,0.0009216520889097225,in_domain
0.4,253.26000000665,152.9031524658203,152.76411617923935,0.13903628658096068,0.0009101370796910728,in_domain
0.4,257.0400000066,156.57264709472656,156.43403688483022,0.13861020989634198,0.0008860617079030538,in_domain
0.4,260.82000000655,160.24615478515625,160.11032268277904,0.13583210237720778,0.0008483656774980533,in_domain
0.4,264.6000000065,163.92308044433594,163.79257808246047,0.1305023618754717,0.0007967538175616909,in_domain
0.4,268.38000000645,167.60304260253906,167.4804336856315,0.12260891690755216,0.0007320790507247834,in_domain
0.4,272.16000000639997,171.2857666015625,171.1735443854383,0.11222221612419503,0.0006556049097838377,in_domain
0.4,275.94000000635,174.9711151123047,174.87158769278898,0.09952741951570943,0.0005691457419060966,in_domain
0.4,279.7200000063,178.65904235839844,178.57426218118397,0.08478017721446918,0.0004747614587843012,in_domain
0.4,283.50000000625,182.34951782226562,182.2812860416693,0.06823178059633506,0.00037432136934088426,in_domain
0.4,287.2800000062,186.04270935058594,185.9923957401167,0.05031361046923166,0.00027051434156229604,in_domain
0.4,291.06000000615,189.73863220214844,189.70734476955693,0.03128743259151179,0.00016492472987546976,in_domain
0.4,294.8400000061,193.43753051757812,193.42590249078296,0.01162802679516517,6.011618219395028e-05,in_domain
0.4,298.62000000605,197.1394805908203,197.14785305490415,0.008372464083834075,4.246794451016623e-05,in_domain
0.4,302.40000000599997,200.84474182128906,200.87299440196995,0.028252580680884876,0.00014064897456722436,in_domain
0.4,306.18000000595,204.55345153808594,204.6011373301956,0.04768579210966095,0.0002330670920597241,in_domain
0.4,309.9600000059,208.26571655273438,208.33210463070463,0.06638807797025947,0.0003186646536689141,in_domain
0.4,313.74000000585,211.981689453125,212.06573028306894,0.08404082994394457,0.0003962961381443642,in_domain
0.4,317.5200000058,215.70150756835938,215.80185870726072,0.1003511389013454,0.00046501517411614885,in_domain
0.4,321.30000000575,219.42518615722656,219.54034406794975,0.11515791072318393,0.0005245409959252934,in_domain
0.4,325.0800000057,223.15286254882812,223.2810496273707,0.12818707854256672,0.0005741063953098375,in_domain
0.4,328.86000000564997,226.88446044921875,227.02384714326033,0.13938669404157622,0.000613973799649418,in_domain
0.4,332.6400000056,230.62010192871094,230.76861630861873,0.1485143799077946,0.0006435640265276743,in_domain
0.4,336.42000000555,234.359619140625,234.5152442302856,0.15562508966058886,0.0006636032986741389,in_domain
0.4,340.2000000055,238.10299682617188,238.2636249435421,0.16062811737023708,0.0006741613093828267,in_domain
0.4,343.98000000545,241.8501434326172,242.01365896015366,0.16351552753647525,0.0006756458632915313,in_domain
0.4,347.7600000054,245.6009979248047,245.7652528474573,0.1642549226526171,0.000668340706220857,in_domain
0.4,351.54000000535,249.35531616210938,249.51831883627392,0.16300267416454517,0.0006532693668535912,in_domain
0.4,355.3200000053,253.11302185058594,253.27277445558778,0.15975260500184163,0.0006307531685757831,in_domain
0.4,359.10000000524997,256.87384033203125,257.0285421920871,0.15470186005586584,0.0006018859179470088,in_domain
0.4,362.8800000052,260.6376953125,260.7855491727983,0.14785386029831216,0.0005669557257574236,in_domain
0.4,366.66000000515,264.404296875,264.54372686917685,0.13942999417685087,0.0005270584028847613,in_domain
0.4,370.4400000051,268.17340087890625,268.30301082113743,0.12960994223118405,0.00048307300702483627,in_domain
0.4,374.22000000505,271.9448547363281,272.0633403796162,0.11848564328806788,0.00043550756644663023,in_domain
0.4,378.000000005,275.7183532714844,275.82465846636154,0.10630519487716583,0.0003854085978688174,in_domain
0.4,381.78000000495,279.49371337890625,279.58691134974447,0.09319797083821868,0.000333341680367985,in_domain
0.4,385.56000000489996,283.2706298828125,283.3500484354676,0.07941855265511322,0.0002802842388544734,in_domain
0.4,389.34000000484997,287.04888916015625,287.11402207113383,0.06513291097758156,0.00022685381406222153,in_domain
0.4,393.1200000048,290.82830810546875,290.8787873637093,0.0504792582405571,0.0001735405276474795,in_domain
0.4,396.90000000475,294.6086730957031,294.64430200898835,0.03562891328522255,0.00012092177938718687,in_domain
0.4,400.6800000047,298.3896789550781,298.4105261322294,0.020847177151267715,6.986072985250551e-05,in_domain
0.4,404.46000000465,302.17120361328125,302.1774221391919,0.006218525910639983,2.0579055399365824e-05,in_domain
0.4,408.2400000046,305.9530334472656,305.9449545768607,0.008078870404915506,2.6406287418888942e-05,in_domain
0.4,412.02000000455,309.7349548339844,309.7130900031933,0.02186483079105983,7.059705093780309e-05,in_domain
0.4,415.80000000449996,313.5168151855469,313.4817968652752,0.03501832027166074,0.00011170766730902251,in_domain
0.4,419.58000000444997,317.29840087890625,317.25104538531104,0.04735549359520519,0.00014926820347491843,in_domain
0.4,423.3600000044,321.0797424316406,321.02080745391936,0.05893497772126466,0.0001835861612482064,in_domain
0.4,427.14000000435,324.8606262207031,324.79105653023936,0.06956969046376571,0.00021419829476520234,in_domain
0.4,430.9200000043,328.6407775878906,328.56176754838907,0.07901003950155427,0.00024047240825096316,in_domain
0.4,434.70000000425,332.42041015625,332.3329168298504,0.08749332639962404,0.0002632701185131756,in_domain
0.4,438.4800000042,336.1992492675781,336.1044820013823,0.09476726619584497,0.0002819577579910262,in_domain
0.4,442.26000000414996,339.977294921875,339.8764419180967,0.10085300377829753,0.0002967343167685657,in_domain
0.4,446.04000000409997,343.7545471191406,343.6487765913522,0.10577052778842244,0.00030778671420733384,in_domain
0.4,449.82000000405,347.5309143066406,347.42146712114675,0.10944718549387744,0.0003150271236858053,in_domain
0.4,453.600000004,351.3063659667969,351.1944956327138,0.1118703340830507,0.00031854239025445007,in_domain
0.4,457.38000000395,355.08099365234375,354.96784521704495,0.11314843529879681,0.00031875685875043763,in_domain
0.4,461.1600000039,358.8547668457031,358.74149987508196,0.11326697062116864,0.00031573422829700367,in_domain
0.4,464.94000000385,362.6276550292969,362.51544446533904,0.1122105639578308,0.0003095331955396442,in_domain
0.4,468.7200000038,366.3997802734375,366.28966465473195,0.11011561870554942,0.0003006244219567195,in_domain
0.4,472.50000000374996,370.171142578125,370.064146872407,0.10699570571802042,0.0002891274570160158,in_domain
0.4,476.28000000369997,373.9418029785156,373.83887826637556,0.10292471214006582,0.0002753183741010686,in_domain
0.4,480.06000000365,377.7118225097656,377.61384666277394,0.09797584699168738,0.00025946041930815155,in_domain
0.4,483.8400000036,381.4812927246094,381.3890405275798,0.09225219702955201,0.00024188476129764633,in_domain
0.4,487.62000000355,385.25018310546875,385.16444893063044,0.08573417483830781,0.00022259109083494063,in_domain
0.4,491.4000000035,389.0186462402344,388.9400615117929,0.07858472844145581,0.0002020484290972764,in_domain
0.4,495.18000000345,392.7867431640625,392.71586844915316,0.07087471490933694,0.00018047326477848563,in_domain
0.4,498.96000000339995,396.5545654296875,396.49186042909406,0.06270500059343931,0.000158149528027078,in_domain
0.4,502.74000000334996,400.3221740722656,400.26802861814554,0.0541454541200892,0.00013527299271694717,in_domain
0.4,506.52000000329997,404.08966064453125,404.04436463649307,0.04529600803817857,0.00011210652097308687,in_domain
0.4,510.30000000325,407.8570251464844,407.8208605330442,0.03616461344017807,8.867769390930357e-05,in_domain
0.4,514.0800000032,411.6243896484375,411.5975087619535,0.026880886483979793,6.530867148548824e-05,in_domain
0.4,517.8600000031499,415.3917236328125,415.3743021605162,0.01742147229629154,4.194162278618582e-05,in_domain
0.4,521.6400000031,419.15924072265625,419.151233928347,0.008006794309267207,1.9102399471012775e-05,in_domain
0.4,525.42000000305,422.92681884765625,422.9282976077626,0.0014787601063517286,3.496479461686857e-06,in_domain
0.4,529.200000003,426.69451904296875,426.7054870652979,0.01096802232916616,2.570396365090038e-05,in_domain
0.4,532.98000000295,430.46240234375,430.4827964742815,0.020394130531485644,4.737501869648828e-05,in_domain
0.4,536.7600000029,434.2304992675781,434.26022029841016,0.029721030832035922,6.844060183917503e-05,in_domain
0.4,540.54000000285,437.9988098144531,438.0377532762602,0.03894346180709363,8.890435017488753e-05,in_domain
0.4,544.3200000027999,441.76727294921875,441.8153904066787,0.04811745745996632,0.00010890851361170453,in_domain
0.4,548.10000000275,445.53594970703125,445.5931269350014,0.057177227970157674,0.00012831712276050906,in_domain
0.4,551.8800000027,449.3048400878906,449.3709583400486,0.06611825215799172,0.0001471351250695614,in_domain
0.4,555.66000000265,453.07373046875,453.14888032185314,0.0751498531031416,0.00016583921171727428,in_domain
0.4,559.4400000026,456.84295654296875,456.92688879007244,0.0839322471036894,0.0001836885706725189,in_domain
0.4,563.22000000255,460.61199951171875,460.70497985305155,0.09298034133280453,0.00020182187169424983,in_domain
0.4,567.0000000025,464.3811340332031,464.48314980749046,0.10201577428733799,0.00021963288513182752,in_domain
0.4,570.7800000024499,468.1502380371094,468.2613951286864,0.11115709157701303,0.00023738256609102942,in_domain
0.4,574.5600000024,471.919189453125,472.0397124613136,0.12052300818862705,0.0002553238742566699,in_domain
0.4,578.3400000023499,475.6880187988281,475.81809861071076,0.13007981188263784,0.0002733813872621568,in_domain
0.4,582.1200000023,479.45660400390625,479.5965505346461,0.13994653073984864,0.00029180053647975287,in_domain
0.4,585.90000000225,483.2248229980469,483.3750653355316,0.1502423374847126,0.0003108193786959675,in_domain
0.4,589.6800000022,486.9927062988281,487.1536402530623,0.16093395423416723,0.0003303556433460431,in_domain
0.4,593.46000000215,490.7601318359375,490.93227265725295,0.17214082131545183,0.00035064067062389457,in_domain
0.4,597.2400000021,494.5271301269531,494.71096004185347,0.18382991490034328,0.00037159054427415747,in_domain
0.4,601.02000000205,498.2936706542969,498.4897000181159,0.19602936381903646,0.00039324656820775324,in_domain
0.4,604.8000000019999,502.0595397949219,502.2684903088993,0.20895051397741327,0.0004160135823947605,in_domain
0.4,608.58000000195,505.8248596191406,506.04732874308695,0.22246912394632545,0.0004396211802933355,in_domain
0.4,612.3600000019,509.5895080566406,509.8262132503032,0.23670519366260123,0.0004642860400479034,in_domain
0.4,616.14000000185,513.353759765625,513.6051418559098,0.2513820902847783,0.0004894462103249401,in_domain
0.4,619.9200000018,517.1171875,517.384112676267,0.26692517626702283,0.0005159129739919959,in_domain
0.4,623.70000000175,520.880126953125,521.1631239142463,0.2829969611212846,0.0005430103323424121,in_domain
0.4,627.4800000017,524.6425170898438,524.9421738549761,0.2996567651323403,0.0005708376656647241,in_domain
0.4,631.2600000016499,528.4043579101562,528.7212608618133,0.3169029516570845,0.0005993762216797071,in_domain
0.4,635.0400000016,532.165771484375,532.5003833725236,0.3346118881486291,0.0006283786802732557,in_domain
0.4,638.8200000015499,535.9268188476562,536.2795398956598,0.3527210480035592,0.0006577186369485318,in_domain
0.4,642.6000000015,539.6875610351562,540.0587290071306,0.371167971974387,0.0006872733501720445,in_domain
0.4,646.38000000145,543.447998046875,543.8379493469438,0.38995130006878753,0.0007170358385931917,in_domain
0.4,650.1600000014,547.2083129882812,547.6171996161191,0.4088866278378873,0.0007466650574973133,in_domain
0.4,653.94000000135,550.9685668945312,551.3964785737587,0.42791167922746354,0.0007760508016560048,in_domain
0.4,657.7200000012999,554.7286376953125,555.1757850342683,0.4471473389558014,0.0008054157818288151,in_domain
0.4,661.50000000125,558.4888305664062,558.9551178647188,0.4662872983125226,0.0008342124142163698,in_domain
0.4,665.2800000011999,562.2489624023438,562.734475982343,0.48551357999929223,0.0008627756086060848,in_domain
0.4,669.06000000115,566.009033203125,566.5138583521593,0.5048251490343318,0.0008911082078428517,in_domain
0.4,672.8400000011,569.76904296875,570.2932639847145,0.5242210159644856,0.0009192130594383738,in_domain
0.4,676.62000000105,573.528564453125,574.0726919339409,0.5441274808158596,0.0009478372485944217,in_domain
0.4,680.400000001,577.2877807617188,577.8521412951201,0.5643605334013273,0.0009766521451948684,in_domain
0.4,684.1800000009499,581.046142578125,581.6316112029505,0.5854686248254666,0.001006596982606534,in_domain
0.4,687.9600000009,584.8032836914062,585.4111008297086,0.60781713830238,0.0010382740222057887,in_domain
0.4,691.7400000008499,588.5587768554688,589.1906093835029,0.6318325280341242,0.0010723737241760175,in_domain
0.4,695.5200000008,592.3119506835938,592.9701361066152,0.6581854230214503,0.0011099807274326367,in_domain
0.4,699.30000000075,596.06201171875,596.7496802739214,0.687668555171399,0.0011523568053790055,in_domain
0.4,703.0800000007,599.8082275390625,600.5292411913932,0.7210136523307256,0.0012006303821281087,extrapolation
0.4,706.86000000065,603.54931640625,604.3088181946689,0.7595017884189019,0.0012568106993504767,extrapolation
0.4,710.6400000006,607.2843627929688,608.0884106476994,0.8040478547306975,0.001322254857438039,extrapolation
0.4,714.42000000055,611.0115356445312,611.8680179414554,0.8564822969241277,0.0013997827502173475,extrapolation
0.4,718.2000000004999,614.7296142578125,615.6476394927005,0.9180252348879776,0.001491153666477856,extrapolation
0.4,721.98000000045,618.4367065429688,619.4272747428223,0.9905681998535556,0.0015991678769147288,extrapolation
0.4,725.7600000003999,622.1309814453125,623.2069231567202,1.0759417114077223,0.0017264598184464507,extrapolation
0.4,729.54000000035,625.8101196289062,626.9865842217466,1.1764645928403752,0.001876379212006065,extrapolation
0.4,733.3200000003,629.4720458984375,630.7662574467,1.294211548262524,0.0020518084678489406,extrapolation
0.4,737.10000000025,633.1141357421875,634.5459423608642,1.43180661867666,0.002256427034029313,extrapolation
0.4,740.8800000002,636.7340698242188,638.3256385130951,1.5915686888763503,0.002493349151044165,extrapolation
0.4,744.6600000001499,640.328857421875,642.1053454709504,1.7764880490753967,0.0027666613611080225,extrapolation
0.4,748.4400000001,643.8958129882812,645.8850628198597,1.9892498315784906,0.003079882081331398,extrapolation
0.4,752.2200000000499,647.4319458007812,649.6647901623351,2.2328443615538163,0.003436917615615099,extrapolation
0.4,756.0,650.9345703125,653.4445271172185,2.509956804718513,0.0038411168822418845,extrapolation
